ISO3,INFORM_RISK,Natural,Earthquake,River_Flood,Tsunami,Tropical_Cyclone,Coastal_flood,Drought,Epidemic,Human,Projected_Conflict_Probability,Current_Conflict_Intensity,Socio_Economic_Vulnerability,Development_Deprivation,Inequality,Economic_Dependency,Vulnerable_Groups,Uprooted_People,Health_Conditions,Children_U5,Recent_Shocks,Food_Security,Other_Vulnerable_Groups,Institutional,DRR,Governance,Infrastructure,Communication,Physical_Infrastructure,Access_to_Health_Care
AFG,7.7,7.5,5.7,8.8,7.3,0.0,0.0,0.0,8.7,6.2,8.7,10.0,5.9,8.2,8.0,8.6,8.8,5.8,8.3,10.0,2.1,4.2,1.2,7.3,4.1,7.4,7.9,7.1,8.7,6.8
ALB,3.0,3.5,5.5,8.3,4.6,6.8,0.0,7.4,3.9,3.6,0.7,0.1,1.3,2.2,1.9,1.7,1.3,3.0,2.5,4.1,0.2,0.5,0.0,1.1,0.5,3.4,4.4,3.5,5.2,2.2
DZA,3.4,3.0,3.3,7.9,3.6,1.4,0.0,0.7,2.6,3.6,2.6,2.2,2.9,3.0,2.2,2.7,3.3,0.2,3.8,6.1,0.3,1.2,0.0,0.0,0.4,4.3,4.8,3.1,6.5,3.7
AGO,5.3,4.2,3.0,0.1,3.9,0.0,0.0,3.5,3.7,6.8,5.3,7.4,1.9,5.2,5.6,7.8,6.8,0.1,4.7,4.7,4.3,4.6,3.6,5.7,4.6,6.9,6.8,6.7,6.9,6.9
ATG,2.1,2.0,3.7,5.1,0.0,0.0,8.2,4.3,0.0,3.7,0.0,0.0,0.0,1.4,1.4,1.0,3.2,0.2,1.3,0.8,0.0,0.7,0.0,5.1,1.7,3.5,5.3,6.3,4.2,1.1
ARG,3.1,2.6,4.3,5.5,7.7,0.0,0.0,3.7,5.6,4.4,0.5,0.2,0.7,2.7,1.4,0.7,4.0,0.1,3.9,6.0,0.3,0.6,1.4,0.9,0.8,4.1,5.6,5.0,6.1,2.1
ARM,3.0,2.6,3.7,7.3,5.3,0.0,0.0,0.0,5.4,4.3,1.3,0.3,2.2,3.7,1.4,0.9,1.5,2.4,5.4,7.9,0.4,0.7,0.9,1.0,0.8,2.7,3.7,2.0,5.4,1.5
AUS,2.4,2.9,4.7,0.1,5.4,5.7,4.1,6.2,6.2,3.4,0.5,0.1,0.8,2.1,0.4,0.0,1.5,0.0,3.6,5.9,0.1,0.3,0.2,0.8,0.4,2.4,3.2,4.3,2.1,1.6
AUT,2.4,1.4,2.5,3.9,7.2,0.0,0.0,0.0,1.7,1.4,0.2,0.1,0.3,3.2,0.3,0.0,1.0,0.1,5.3,8.0,0.1,0.2,0.0,0.0,0.1,3.0,4.8,6.7,2.8,0.6
AZE,4.1,2.9,4.1,7.8,6.6,0.0,0.0,0.0,5.3,4.3,1.6,1.0,2.1,4.8,2.2,2.2,4.2,0.3,6.6,9.2,0.4,1.1,0.0,0.6,0.5,4.8,6.5,4.488188976377953,6.5,2.4
BHS,2.3,1.9,3.5,0.1,0.0,0.0,7.4,6.1,1.7,5.0,0.0,0.0,0.0,1.9,1.9,1.6,4.3,0.1,1.9,1.9,0.5,1.0,0.0,5.1,1.9,3.2,4.0,4.488188976377953,4.0,2.2
BHR,1.7,1.8,1.5,0.1,0.0,0.0,0.0,5.3,0.0,3.5,2.0,0.3,3.4,0.8,0.6,0.0,2.2,0.0,0.9,1.2,0.1,0.7,0.0,1.2,0.5,3.4,5.2,6.2,4.2,1.1
BGD,6.1,7.9,8.1,8.9,9.9,8.1,7.9,8.9,2.4,7.0,7.6,9.0,5.2,6.1,4.5,6.2,4.3,1.4,7.3,8.1,2.0,3.6,10.0,3.7,6.2,4.6,4.8,2.5,7.1,4.3
BRB,2.0,2.4,4.3,5.4,0.0,3.7,8.1,1.5,0.5,6.6,0.0,0.0,0.0,1.3,2.2,2.6,3.2,0.3,0.4,0.0,0.6,0.8,0.5,1.3,0.8,2.5,3.2,2.7,3.7,1.8
BLR,2.5,2.1,1.9,0.1,5.8,0.0,0.0,0.0,2.2,3.5,2.3,0.1,4.0,2.2,1.0,1.5,0.6,0.3,3.2,5.3,0.4,0.2,0.0,0.8,0.4,3.2,5.0,3.1,6.9,0.9
BEL,2.6,1.9,3.4,2.9,6.2,0.0,0.0,7.7,1.3,1.7,0.2,0.1,0.2,2.7,0.2,0.0,0.4,0.4,4.6,7.3,0.2,0.2,0.0,0.0,0.1,3.3,5.2,7.3,3.0,0.9
BLZ,3.1,2.1,3.7,2.0,2.2,3.0,5.0,6.0,2.2,4.7,0.1,0.1,0.0,2.9,3.7,4.1,4.7,1.8,2.1,3.1,0.7,1.0,0.1,1.8,0.9,4.8,5.8,4.488188976377953,5.8,3.5
BEN,5.1,3.7,3.1,0.1,6.7,0.0,0.0,1.8,0.9,7.5,4.3,5.1,3.5,5.2,6.2,8.8,5.0,2.2,3.9,4.6,4.1,5.2,0.0,2.5,3.2,7.0,6.8,8.0,5.5,7.2
BTN,2.7,1.9,2.8,6.8,4.2,0.0,0.0,0.0,0.0,5.0,0.9,0.1,1.7,2.5,3.8,4.0,2.3,5.0,1.0,0.0,1.5,1.9,0.0,4.2,2.0,4.3,4.7,6.0,3.4,3.8
BOL,4.2,3.0,4.7,7.2,5.5,0.0,0.0,0.0,7.0,7.4,0.8,0.2,1.4,4.8,3.9,4.7,5.0,1.1,5.5,4.6,0.8,1.3,10.0,6.2,6.3,5.2,6.1,5.3,6.8,4.1
BIH,3.3,2.2,2.9,6.0,5.9,0.3,0.0,0.0,3.1,2.4,1.5,0.1,2.8,3.4,2.2,1.9,2.1,2.9,4.5,7.0,0.2,0.5,0.3,1.0,0.5,4.9,6.8,4.488188976377953,6.8,2.1
BWA,2.9,1.3,2.3,0.1,3.6,0.0,0.0,0.0,5.9,4.0,0.2,0.1,0.2,3.8,4.7,5.4,7.0,1.1,2.8,1.2,4.3,3.0,2.5,6.0,4.1,5.1,6.2,8.2,4.2,3.8
BRA,5.1,6.7,4.1,0.5,7.7,0.0,0.0,5.0,4.5,6.4,8.3,10.0,3.8,4.0,3.3,3.5,5.9,0.1,4.7,7.1,0.6,1.0,0.7,1.0,0.8,4.9,6.4,4.488188976377953,6.4,2.9
BRN,2.3,1.6,2.9,0.1,4.8,1.9,0.0,3.3,2.6,5.6,0.0,0.0,0.0,2.9,1.5,1.3,3.4,0.0,4.1,6.3,0.6,0.7,0.0,2.0,0.9,2.6,3.1,4.488188976377953,3.1,2.1
BGR,2.6,1.9,3.2,6.2,5.1,0.0,0.0,2.9,2.8,3.3,0.4,0.1,0.7,3.0,1.5,1.1,3.1,0.5,4.3,6.7,0.2,0.5,0.0,2.0,0.7,3.0,4.4,3.5,5.3,1.2
BFA,7.1,7.1,2.9,0.1,2.2,0.0,0.0,0.0,6.3,7.3,9.2,10.0,7.7,7.3,6.5,8.8,5.3,3.2,7.9,9.8,3.0,4.9,0.0,3.8,3.1,7.0,6.5,6.6,6.3,7.5
BDI,5.8,4.8,2.9,4.6,2.6,0.0,0.0,0.0,3.9,6.7,6.2,6.4,6.0,6.4,7.2,9.5,4.9,4.9,5.4,6.2,2.9,5.1,0.9,7.4,4.5,6.2,5.3,2.7,7.9,7.0
CPV,2.1,0.8,1.6,0.1,0.0,0.0,0.0,0.0,4.9,4.2,0.0,0.0,0.0,3.0,4.4,4.6,4.2,4.3,1.4,1.1,1.4,0.7,0.2,4.0,1.7,4.0,4.8,5.1,4.4,3.2
KHM,4.4,3.2,4.5,0.1,8.6,2.8,1.8,3.7,4.2,6.1,1.6,0.4,2.6,4.8,5.6,6.4,6.7,2.8,3.9,5.5,2.5,2.7,0.0,1.9,1.8,5.6,6.4,5.9,6.8,4.7
CMR,6.6,6.6,3.6,0.1,6.7,0.0,0.0,2.6,3.9,7.6,8.4,9.6,6.3,6.5,5.7,7.7,5.9,1.4,7.1,9.2,4.3,3.8,0.9,1.7,2.8,6.7,7.1,4.488188976377953,7.1,6.3
CAN,2.7,2.8,4.6,4.8,7.1,5.7,2.3,5.4,2.2,3.2,0.5,0.1,0.8,3.0,0.3,0.0,1.0,0.0,5.0,7.7,0.1,0.4,0.0,0.4,0.2,2.4,2.6,2.9,2.3,2.2
CAF,7.7,6.5,3.2,0.1,6.0,0.0,0.0,0.0,3.0,8.0,8.4,9.8,5.4,8.2,8.2,9.8,6.8,6.3,8.2,9.4,8.8,5.6,0.0,6.2,6.0,8.7,8.1,4.488188976377953,8.1,9.2
TCD,7.8,6.8,4.0,0.1,8.1,0.0,0.0,0.0,6.0,7.3,8.5,9.9,5.3,8.0,7.0,9.9,6.0,2.1,8.8,10.0,3.6,5.9,5.0,8.4,6.1,8.6,8.0,4.488188976377953,8.0,9.1
CHL,3.1,3.5,5.5,9.6,5.5,8.6,0.0,2.7,0.3,3.3,0.7,0.1,1.3,3.6,1.0,0.4,3.0,0.0,5.6,8.2,0.6,0.4,0.3,1.6,0.7,2.4,3.2,2.6,3.7,1.6
CHN,2.9,5.7,7.8,6.7,9.3,9.0,7.8,9.0,4.6,5.4,2.2,1.0,3.2,1.3,2.3,3.4,2.3,0.0,0.2,0.0,0.3,0.5,0.1,0.8,0.4,3.3,3.9,3.0,4.7,2.6
COL,5.2,7.5,6.5,8.9,7.0,8.1,4.1,6.2,2.8,5.6,8.3,9.9,4.6,6.1,3.6,3.6,6.2,1.0,7.8,10.0,0.7,0.9,1.4,1.3,1.1,3.1,3.6,1.5,5.7,2.5
COM,3.3,1.0,1.9,0.1,0.0,2.1,1.5,2.9,0.0,5.5,0.1,0.2,0.0,4.9,7.0,7.4,5.9,7.2,1.7,0.0,1.3,2.6,3.6,4.8,3.2,7.1,8.3,8.5,8.0,5.5
COG,4.7,2.6,3.3,0.1,7.6,0.0,0.0,2.0,0.9,7.2,1.8,1.1,2.4,5.6,5.6,6.5,6.8,2.4,5.5,6.2,6.0,2.9,1.6,7.1,4.8,7.2,7.7,4.488188976377953,7.7,6.7
COD,7.7,7.7,4.0,4.2,7.0,0.0,0.0,1.0,2.3,8.3,9.5,10.0,8.8,7.4,6.5,8.6,6.5,2.4,8.1,9.5,5.1,5.6,1.2,8.4,5.6,8.1,8.2,4.488188976377953,8.2,8.0
CRI,3.3,3.3,5.4,9.1,2.4,8.3,1.4,4.1,1.0,5.4,0.4,0.1,0.7,5.1,2.0,1.2,4.1,1.5,7.1,8.4,0.3,0.7,10.0,2.0,5.3,2.1,2.5,0.6,4.4,1.7
CIV,4.5,2.3,3.0,0.1,4.8,0.9,0.0,2.1,0.9,7.8,1.6,0.5,2.6,6.3,5.7,7.8,5.3,1.8,6.8,8.8,4.7,4.1,0.0,2.0,2.9,6.4,6.4,7.1,5.6,6.3
HRV,2.5,2.7,4.5,5.6,6.8,5.8,0.0,5.0,3.3,2.6,0.4,0.1,0.7,2.0,0.7,0.2,1.2,1.2,3.2,5.2,0.1,0.4,0.0,1.2,0.4,2.9,4.5,4.488188976377953,4.5,0.8
CUB,3.3,3.4,4.9,5.0,0.5,3.3,8.0,5.7,4.0,5.2,1.5,0.1,2.7,2.6,2.2,2.2,3.9,0.6,3.0,0.0,0.4,0.6,10.0,1.3,5.2,4.1,6.0,4.488188976377953,6.0,1.5
CYP,2.8,2.1,3.0,6.9,0.0,4.0,0.0,2.9,2.7,2.3,1.0,0.0,2.0,4.3,0.7,0.0,2.5,0.3,6.7,9.2,0.1,0.3,0.1,2.0,0.7,2.5,4.0,4.488188976377953,4.0,0.6
CZE,1.8,1.0,1.5,0.5,5.7,0.0,0.0,0.0,1.3,1.4,0.5,0.1,0.9,3.4,0.3,0.0,0.7,0.3,5.6,8.2,0.1,0.2,1.2,1.0,0.6,1.8,2.8,2.0,3.6,0.7
DNK,1.3,1.4,2.3,0.1,0.0,0.0,0.0,7.1,3.3,2.3,0.4,0.0,0.8,2.4,0.2,0.0,0.6,0.1,4.2,6.7,0.1,0.3,0.0,0.6,0.3,0.7,1.0,4.488188976377953,1.0,0.4
DJI,4.8,3.3,4.5,5.4,0.0,5.0,0.0,4.3,7.9,5.2,1.9,0.3,3.3,5.3,6.0,7.7,5.3,3.1,4.6,6.2,1.9,3.9,0.0,3.6,2.5,6.2,6.7,4.488188976377953,6.7,5.7
DMA,2.8,2.2,3.9,3.8,0.0,5.5,7.8,2.1,0.0,4.3,0.0,0.0,0.0,2.7,3.9,2.8,3.715217391304348,6.1,1.4,0.8,0.2,2.7,0.0,4.0,1.9,3.6,4.3,4.488188976377953,4.3,2.8
DOM,4.2,4.5,6.8,9.2,2.2,5.2,10.0,4.8,0.5,7.4,1.1,0.2,2.0,3.7,3.1,3.0,4.5,1.7,4.3,6.4,1.4,1.6,1.4,1.1,1.4,4.3,5.6,4.488188976377953,5.6,2.6
ECU,5.4,6.8,6.5,9.5,6.5,9.0,0.0,4.9,3.5,6.1,7.1,8.9,3.8,4.7,3.0,2.9,4.9,1.1,6.0,8.2,0.5,1.1,2.5,4.2,2.2,5.0,6.4,6.4,6.4,3.2
EGY,4.3,4.7,6.2,4.6,9.9,5.9,0.0,9.0,2.2,3.3,2.7,1.9,3.5,4.1,3.0,3.9,3.1,1.2,5.1,7.6,0.2,1.1,0.0,1.8,0.8,4.0,4.4,2.5,6.3,3.6
SLV,4.0,3.6,5.6,9.2,3.5,7.6,1.3,4.3,3.6,5.2,1.0,0.4,1.5,4.8,4.7,5.0,4.3,4.6,4.8,7.1,1.3,1.0,0.1,2.2,1.2,3.6,4.5,3.0,6.0,2.5
GNQ,3.3,1.7,2.3,0.1,2.0,0.0,0.0,2.0,3.0,6.5,1.1,0.2,2.0,2.8,3.1,4.5,3.4,0.1,2.5,0.0,6.9,3.3,0.0,5.5,4.4,7.3,8.2,4.488188976377953,8.2,6.1
ERI,4.3,2.6,3.5,3.5,1.3,0.0,0.0,4.0,6.7,5.9,1.6,0.7,2.4,3.9,5.7,7.9,3.715217391304348,1.2,1.6,0.0,1.4,2.7,0.0,6.3,3.0,8.1,8.7,4.488188976377953,8.7,7.3
EST,1.8,1.2,1.5,0.1,5.4,0.0,0.0,2.2,0.0,1.2,0.8,0.0,1.5,3.4,0.4,0.0,1.3,0.2,5.5,8.1,0.4,0.2,0.0,1.3,0.5,1.5,2.3,2.0,2.5,0.6
SWZ,3.2,1.6,1.8,0.1,1.8,0.0,0.2,0.0,5.0,4.1,1.3,0.4,2.1,4.2,5.2,5.8,7.0,2.0,3.1,3.3,4.7,2.3,0.0,3.9,2.9,4.9,5.6,4.0,7.1,4.2
ETH,6.9,7.3,3.7,4.6,5.2,0.0,0.0,0.0,5.2,7.1,9.1,10.0,7.3,6.3,5.9,8.9,4.1,1.7,6.7,8.6,3.0,4.2,0.5,5.4,3.5,7.0,5.9,5.4,6.4,7.9
FJI,3.0,2.8,4.9,3.0,0.0,7.1,6.9,7.1,2.8,4.3,0.0,0.0,0.0,3.0,3.9,3.1,3.1,6.1,1.9,0.0,2.9,1.6,6.1,2.3,3.4,3.3,3.3,2.3,4.3,3.3
FIN,1.9,1.7,2.6,0.1,6.2,0.0,0.0,5.3,1.7,2.1,0.8,0.0,1.5,2.4,0.2,0.0,0.5,0.1,4.2,6.6,0.1,0.2,0.0,1.4,0.4,1.7,2.6,3.7,1.4,0.8
FRA,2.6,2.8,4.0,2.8,7.5,2.5,0.0,7.4,1.6,2.4,1.3,1.1,1.4,3.1,0.3,0.0,1.1,0.2,5.2,7.9,0.3,0.3,0.2,0.4,0.3,2.1,3.2,3.3,3.0,0.9
GAB,3.6,2.4,3.1,0.1,5.6,0.0,0.0,5.0,0.9,6.7,1.6,0.1,2.9,3.3,4.1,5.3,5.0,0.7,2.4,0.9,6.1,1.9,0.3,4.9,3.6,6.1,7.0,4.488188976377953,7.0,4.9
GMB,4.0,2.0,2.9,0.1,4.6,1.1,0.0,2.5,3.0,6.4,1.0,0.1,1.9,5.4,7.1,8.0,5.6,6.7,3.0,2.9,2.5,3.0,0.0,5.6,3.0,6.1,6.6,6.9,6.2,5.6
GEO,3.3,3.4,4.6,7.2,6.1,0.0,0.0,6.0,5.6,4.2,1.9,0.1,3.4,4.7,1.9,0.8,2.9,3.1,6.7,9.1,0.6,0.6,3.1,1.6,1.5,2.3,3.2,2.3,4.1,1.4
DEU,2.6,2.4,4.1,3.7,7.8,0.0,0.0,8.0,1.3,2.1,0.3,0.2,0.3,3.9,0.4,0.0,1.4,0.1,6.2,8.9,0.1,0.2,0.0,0.4,0.2,1.8,2.9,3.1,2.6,0.6
GHA,3.9,2.9,3.3,0.1,4.7,1.7,0.0,4.3,1.3,7.4,2.5,2.5,2.4,4.0,5.1,6.6,5.8,1.2,2.8,3.6,3.3,2.8,0.0,1.2,1.9,5.1,5.0,4.4,5.5,5.1
GRC,2.9,3.0,4.8,8.0,3.8,7.2,0.0,5.0,2.0,3.8,0.8,0.1,1.4,2.6,0.5,0.0,1.8,0.1,4.3,6.8,0.2,0.3,0.1,1.1,0.4,3.1,4.9,4.488188976377953,4.9,0.8
GRD,2.6,1.7,3.2,3.4,0.0,0.0,6.0,2.5,4.4,4.4,0.0,0.0,0.0,2.9,2.2,2.2,3.9,0.6,3.5,0.0,0.1,1.4,10.0,5.1,5.9,3.4,4.2,3.6,4.7,2.5
GTM,5.2,4.5,5.8,9.5,4.2,6.8,3.7,3.7,3.5,5.5,3.0,3.1,2.9,6.3,5.4,6.6,5.8,2.6,7.1,8.8,0.3,2.4,8.0,2.9,4.1,4.9,5.7,4.2,7.2,3.9
GIN,4.7,3.1,3.7,0.1,5.5,2.7,0.0,4.9,0.7,7.8,2.4,0.7,3.9,4.5,6.0,8.9,4.7,1.3,2.6,1.6,5.0,5.3,0.6,2.2,3.5,7.3,7.0,4.488188976377953,7.0,7.5
GNB,4.1,1.8,2.4,0.1,2.8,0.0,0.0,2.1,2.0,7.0,1.1,0.1,2.0,5.1,6.7,8.7,5.3,4.0,2.9,0.0,4.4,4.8,0.0,8.2,5.0,7.6,7.9,4.488188976377953,7.9,7.3
GUY,3.8,3.0,4.5,0.1,6.9,2.5,0.0,7.0,3.7,7.1,1.1,0.1,2.0,3.9,3.8,2.8,5.7,3.8,4.0,6.0,2.1,2.1,0.0,0.6,1.2,4.8,6.1,6.3,5.9,3.1
HTI,7.4,7.4,6.3,8.4,4.7,4.1,8.9,4.5,3.8,6.7,8.3,9.7,5.6,7.6,6.6,7.8,6.1,4.7,8.4,9.8,2.5,3.3,1.2,9.4,5.3,7.3,8.1,7.1,9.0,6.3
HND,5.5,4.9,5.8,8.1,5.4,6.4,4.6,4.1,5.0,6.1,3.9,4.9,2.8,5.8,5.4,5.7,5.6,4.5,6.1,8.3,0.8,1.4,0.7,4.9,2.1,5.9,7.2,4.488188976377953,7.2,4.2
HUN,2.3,1.8,2.8,1.8,7.3,0.0,0.0,0.0,3.1,4.1,0.7,0.1,1.3,2.3,1.0,0.6,2.1,0.5,3.5,5.7,0.1,0.3,0.0,1.2,0.4,2.8,4.4,3.7,5.1,0.8
ISL,1.6,1.3,2.5,5.4,0.0,0.0,0.0,6.5,0.0,2.6,0.0,0.0,0.0,1.7,0.1,0.0,0.4,0.1,3.0,5.1,0.1,0.2,0.2,0.4,0.2,1.8,2.1,4.488188976377953,2.1,1.4
IND,5.3,8.0,7.8,8.3,9.2,7.8,7.7,7.8,6.4,6.7,8.2,10.0,3.7,4.3,3.7,5.7,2.8,0.5,4.9,6.3,2.2,4.6,1.0,4.1,3.1,4.3,4.4,3.7,5.1,4.2
IDN,4.5,7.2,7.4,8.9,8.4,9.3,1.6,8.1,3.4,7.4,6.9,8.9,2.9,3.2,3.0,3.8,4.1,0.2,3.4,4.3,2.6,2.6,1.9,2.2,2.3,3.9,3.7,2.3,5.1,4.1
IRN,5.9,8.0,6.7,9.3,7.3,5.5,1.6,7.4,6.5,6.1,8.9,9.8,7.3,4.7,2.2,2.0,4.6,0.0,6.5,9.0,0.1,1.0,0.3,2.2,0.9,5.6,7.4,4.488188976377953,7.4,2.8
IRQ,5.7,7.4,5.7,5.1,9.6,0.0,0.0,4.6,7.5,6.2,8.5,9.9,5.6,5.1,3.7,4.9,4.3,0.8,6.3,8.7,0.3,1.3,0.1,4.1,1.6,5.0,6.0,4.3,7.6,3.7
IRL,2.2,1.2,2.2,0.1,3.5,1.9,0.0,5.9,0.5,1.7,0.1,0.1,0.1,2.8,0.3,0.0,1.0,0.0,4.7,7.4,0.2,0.2,0.0,0.0,0.1,3.1,4.7,7.2,2.1,1.0
ISR,2.9,5.2,3.6,6.9,0.3,2.7,0.0,2.4,5.3,4.7,6.5,6.0,6.9,2.5,0.6,0.0,2.2,0.1,4.1,6.6,0.1,0.3,0.0,0.0,0.1,1.9,3.2,4.488188976377953,3.2,0.5
ITA,3.0,2.9,5.0,7.7,6.2,6.1,0.0,6.5,2.8,2.0,0.2,0.1,0.2,2.8,0.4,0.0,1.4,0.1,4.6,7.3,0.2,0.2,0.0,0.1,0.1,3.4,5.5,6.8,4.2,0.6
JAM,3.0,3.1,5.0,7.9,0.0,0.0,8.2,5.5,2.7,5.5,0.5,0.1,0.9,2.4,3.6,3.7,4.3,2.6,1.0,0.0,0.9,1.1,2.8,2.7,1.9,3.5,4.2,3.4,4.9,2.8
JPN,2.0,5.7,8.3,9.7,7.8,10.0,9.2,9.4,0.5,3.7,0.7,0.1,1.3,1.6,0.3,0.0,1.3,0.0,2.7,4.3,0.1,0.2,0.1,2.7,0.8,0.9,1.2,0.0,2.3,0.6
JOR,3.9,2.8,3.4,7.3,0.4,0.0,0.0,0.2,6.7,4.4,2.1,1.5,2.7,6.2,3.7,1.9,5.8,5.2,7.9,10.0,0.1,0.8,0.0,5.0,1.7,3.3,4.0,3.2,4.7,2.6
KAZ,2.7,2.7,3.9,5.6,7.6,0.0,0.0,0.0,6.1,3.6,1.2,0.2,2.1,2.2,1.0,1.1,1.8,0.1,3.3,5.3,0.6,0.6,0.3,0.4,0.5,3.3,4.3,3.2,5.4,2.1
KEN,5.8,5.6,4.2,2.8,5.2,3.2,0.0,2.7,6.7,6.4,6.7,8.1,4.6,6.2,5.3,7.1,5.2,1.8,7.0,8.2,3.1,2.7,4.4,8.7,5.4,5.5,5.0,3.8,6.2,5.9
KIR,3.6,2.5,4.5,0.1,0.0,7.7,0.0,8.4,3.5,5.3,0.0,0.0,0.0,4.2,5.1,6.2,0.7,7.1,3.1,0.0,9.9,2.9,0.0,0.7,5.3,4.4,4.7,4.2,5.2,4.1
PRK,4.6,4.0,4.7,4.4,6.5,1.0,5.7,6.4,3.9,3.0,3.3,0.3,5.4,3.8,4.5,6.7,3.715217391304348,0.0,3.1,0.0,3.9,1.8,0.0,9.6,5.3,6.6,8.3,4.488188976377953,8.3,3.9
KOR,2.0,4.1,6.0,6.9,7.1,5.6,8.3,7.1,0.3,3.4,1.5,0.1,2.7,1.5,0.4,0.0,1.3,0.1,2.5,4.2,0.2,0.2,0.1,0.8,0.3,1.3,2.1,1.2,2.9,0.5
KWT,2.7,1.8,2.7,0.1,3.7,0.0,0.0,5.2,3.0,5.0,0.8,0.2,1.3,2.8,1.1,1.0,2.5,0.0,4.2,6.7,0.1,0.7,0.0,0.6,0.4,3.8,5.7,6.1,5.2,1.3
KGZ,3.5,3.1,3.9,7.7,4.8,0.0,0.0,0.0,6.0,4.1,2.1,0.5,3.4,3.1,2.9,2.2,2.4,4.7,3.3,4.6,2.1,1.0,0.9,2.5,1.7,4.3,5.4,3.6,7.2,2.9
LAO,3.6,2.3,3.6,2.8,8.2,0.0,1.4,0.0,1.4,6.5,0.8,0.3,1.3,3.5,5.1,6.7,4.9,2.0,1.4,0.0,1.5,4.2,2.6,2.4,2.7,5.7,6.5,4.488188976377953,6.5,4.7
LVA,2.5,1.6,2.3,0.1,6.6,0.0,0.0,3.6,2.6,1.0,0.8,0.1,1.5,4.0,0.7,0.2,1.9,0.5,6.3,8.9,0.6,0.2,0.0,1.0,0.5,2.5,3.9,4.488188976377953,3.9,0.8
LBN,6.6,7.1,3.9,8.2,0.0,3.9,0.0,3.2,3.0,5.0,8.9,10.0,6.8,7.0,4.4,3.0,3.3,8.2,8.6,10.0,0.1,1.3,10.0,2.5,5.4,5.7,7.7,7.3,8.0,2.5
LSO,4.0,1.9,2.1,0.1,2.1,0.0,0.0,0.0,6.6,3.1,1.6,0.1,2.9,5.4,6.2,7.1,6.1,4.6,4.5,1.2,7.3,3.7,7.3,7.6,6.7,6.3,6.6,4.488188976377953,6.6,5.9
LBR,4.7,2.6,3.9,0.1,7.5,2.5,0.0,4.1,0.5,7.5,1.0,0.4,1.5,5.7,7.2,8.4,5.6,6.2,3.7,1.7,4.9,4.0,0.5,8.7,5.3,7.1,6.4,5.2,7.5,7.7
LBY,4.7,3.3,3.3,1.4,0.6,5.4,0.0,5.4,5.0,3.3,3.3,2.1,4.4,4.9,2.8,3.4,3.4,1.1,6.5,8.6,0.5,1.7,5.7,2.1,2.8,6.5,8.5,4.488188976377953,8.5,3.0
LIE,1.0,0.8,1.6,5.0,3.6,0.0,0.0,0.0,0.0,1.0,0.0,0.0,0.0,1.0,0.0,0.0,3.715217391304348,0.0,1.9,3.4,1.7963157894736839,1.8705263157894738,0.0,0.4,0.2,1.2,1.7,4.488188976377953,1.7,0.7
LTU,2.1,1.6,2.3,0.1,5.8,0.0,0.0,3.3,2.9,2.2,0.8,0.1,1.5,2.4,0.6,0.1,1.9,0.2,3.9,6.3,0.3,0.3,0.0,0.8,0.4,2.4,3.9,4.5,3.3,0.7
LUX,1.0,0.5,0.9,0.1,2.9,0.0,0.0,0.0,1.3,1.7,0.1,0.1,0.0,2.0,0.5,0.0,1.5,0.5,3.3,5.4,0.2,0.2,0.0,1.2,0.4,1.1,1.6,4.488188976377953,1.6,0.6
MDG,5.2,3.6,5.6,0.1,6.1,6.4,6.7,6.3,4.4,7.0,1.0,0.4,1.6,5.3,6.7,9.1,6.1,2.4,3.5,0.3,4.6,5.0,0.9,9.0,5.7,7.5,7.2,4.488188976377953,7.2,7.8
MWI,4.7,2.8,3.9,6.1,4.7,0.0,0.0,0.0,6.0,6.4,1.6,0.3,2.7,6.3,6.5,8.3,5.6,3.7,6.0,5.0,5.2,2.9,10.0,4.5,6.8,5.9,4.9,3.0,6.7,6.7
MYS,3.2,2.6,4.6,1.9,6.8,5.4,0.0,6.4,3.1,5.9,0.1,0.2,0.0,3.4,1.6,1.6,3.1,0.0,4.9,7.2,0.7,2.0,0.1,1.7,1.2,3.8,5.1,6.0,4.1,2.2
MDV,2.1,1.4,2.7,0.1,0.0,9.0,0.0,0.0,0.0,2.6,0.0,0.0,0.0,1.8,2.7,2.2,2.6,3.8,0.9,0.0,0.3,1.9,0.0,4.2,1.8,3.8,5.8,4.488188976377953,5.8,1.0
MLI,6.9,7.4,4.3,0.1,7.9,0.0,0.0,0.0,7.9,6.8,9.1,10.0,7.5,6.5,6.9,9.6,5.5,2.7,6.1,7.9,4.1,5.2,0.8,2.3,3.3,6.9,7.3,4.488188976377953,7.3,6.5
MLT,1.7,0.9,1.7,0.1,0.0,5.9,0.0,0.7,0.0,3.2,0.0,0.0,0.0,1.8,0.5,0.0,2.0,0.0,3.0,4.9,0.3,0.3,0.0,1.4,0.5,2.9,4.8,4.488188976377953,4.8,0.4
MHL,3.6,2.6,4.6,0.1,0.0,6.7,1.8,8.5,6.2,3.2,0.0,0.0,0.0,4.5,4.3,3.3,2.6,8.1,4.6,0.0,7.6,2.4,10.0,5.0,7.3,3.9,4.2,3.5,4.9,3.5
MRT,5.0,3.4,4.8,0.4,6.1,1.1,0.0,4.4,9.1,6.3,1.7,0.5,2.7,5.6,5.9,8.3,4.9,2.2,5.3,7.5,1.3,4.0,0.0,1.9,1.9,6.6,6.8,4.488188976377953,6.8,6.3
MUS,2.0,1.8,3.2,0.1,0.0,4.5,7.8,0.0,0.7,5.0,0.1,0.1,0.0,1.9,2.2,1.9,3.8,1.3,1.5,0.9,1.0,1.2,3.9,1.5,2.0,2.5,3.3,2.2,4.3,1.7
MEX,4.8,7.7,6.5,8.2,7.9,5.5,7.1,6.3,3.0,5.4,8.6,10.0,5.6,4.1,3.0,3.4,4.7,0.5,5.0,7.6,0.3,1.0,0.2,0.9,0.6,3.4,4.1,1.7,6.4,2.7
FSM,3.4,1.7,3.2,0.1,0.0,5.9,2.3,3.1,6.0,2.9,0.0,0.0,0.0,4.9,5.6,5.7,3.8,7.3,4.0,0.0,4.0,1.8,10.0,5.0,6.5,4.7,4.8,5.0,4.5,4.6
MDA,3.5,2.7,3.4,6.0,4.6,0.0,0.0,0.0,5.7,4.8,1.9,0.1,3.4,4.1,2.8,2.2,1.1,5.8,5.2,7.6,1.2,0.8,0.0,2.0,1.0,3.8,5.5,4.488188976377953,5.5,1.7
MNG,2.7,2.0,3.3,2.1,6.7,0.0,0.0,0.0,6.6,4.0,0.4,0.1,0.7,2.6,3.3,4.3,2.7,1.7,1.9,0.0,3.0,0.7,6.8,1.2,3.4,3.7,4.5,2.7,6.3,2.8
MNE,2.5,2.1,3.3,5.5,1.3,6.1,0.0,3.0,2.2,2.8,0.8,0.1,1.5,3.0,2.3,1.7,2.0,3.7,3.6,5.9,0.2,0.5,0.0,0.4,0.3,2.6,4.1,3.1,5.0,0.9
MAR,3.6,3.7,4.3,4.4,5.0,4.5,0.0,5.0,6.4,3.6,3.0,2.6,3.3,3.1,3.9,4.6,4.7,1.5,2.3,3.5,0.5,1.0,0.5,1.0,0.8,4.0,4.7,3.6,5.7,3.3
MOZ,6.9,6.7,5.1,3.4,6.1,3.8,2.7,5.6,6.3,6.6,7.9,9.7,3.6,7.2,7.2,8.9,6.4,4.6,7.2,7.9,7.8,4.1,5.9,6.7,6.3,6.8,6.1,5.1,7.0,7.4
MMR,6.9,8.1,7.2,8.2,8.8,8.3,5.8,8.0,0.9,6.4,8.8,10.0,6.4,6.5,4.8,7.2,3.9,1.0,7.8,9.7,4.0,3.7,4.3,2.0,3.5,6.3,7.4,6.3,8.5,4.8
NAM,4.2,2.6,4.3,0.1,5.1,0.0,0.0,1.2,9.7,5.0,0.4,0.1,0.7,6.0,5.9,6.9,7.3,2.3,6.1,4.9,5.1,3.0,10.0,5.7,7.0,4.7,4.1,3.1,5.0,5.2
NRU,2.2,0.8,1.6,0.1,0.0,6.0,0.0,0.0,0.0,3.2,0.0,0.0,0.0,3.6,4.1,3.9,1.9,6.6,3.1,2.6,6.6,0.8,0.0,5.0,3.6,3.6,4.7,4.2,5.1,2.2
NPL,4.4,3.4,5.0,9.8,6.9,0.0,0.0,0.0,3.1,6.0,1.4,0.4,2.3,4.4,5.3,6.3,3.9,4.5,3.3,3.7,2.4,3.1,4.4,1.5,2.9,5.8,7.0,7.3,6.6,4.2
NLD,2.5,3.0,5.1,1.8,8.6,0.0,0.0,10.0,0.5,3.0,0.2,0.1,0.3,2.8,0.1,0.0,0.2,0.1,4.8,7.4,0.2,0.3,0.0,1.1,0.4,1.8,2.9,3.8,2.0,0.6
NZL,1.5,2.3,4.2,6.1,3.7,5.4,1.8,4.4,1.8,4.7,0.0,0.0,0.0,1.0,0.3,0.0,1.1,0.1,1.7,2.9,0.1,0.4,0.1,0.9,0.4,1.5,1.6,1.3,1.8,1.4
NIC,4.4,4.2,5.8,8.2,5.0,7.2,4.2,4.3,4.0,6.2,2.0,0.3,3.4,3.2,4.9,3.9,5.4,6.4,1.0,0.0,1.1,1.0,0.0,4.7,1.9,6.5,7.9,4.488188976377953,7.9,4.4
NER,7.4,7.1,3.8,0.1,6.6,0.0,0.0,0.0,7.1,7.0,8.9,9.9,7.0,7.3,7.4,9.8,5.0,4.8,7.2,8.7,2.9,8.3,2.7,3.4,4.9,7.8,7.3,8.0,6.5,8.2
NGA,6.9,7.5,4.7,0.1,8.3,0.0,0.0,6.5,3.1,8.0,9.1,10.0,7.3,6.2,5.7,7.6,5.8,1.8,6.7,8.2,4.7,6.8,0.4,4.6,4.5,7.0,7.1,4.488188976377953,7.1,6.9
MKD,2.7,1.9,2.9,6.5,4.2,0.0,0.0,0.0,3.8,3.5,0.7,0.1,1.3,2.5,1.8,1.2,1.8,2.8,3.1,5.1,0.1,0.3,0.0,1.6,0.5,4.0,5.6,4.488188976377953,5.6,2.0
NOR,1.9,1.9,2.9,0.4,5.9,0.0,0.0,6.6,2.2,2.1,0.8,0.0,1.5,2.6,0.1,0.0,0.3,0.0,4.6,7.1,0.1,0.2,0.0,1.1,0.4,1.4,1.6,1.5,1.7,1.2
OMN,2.3,3.1,4.8,0.1,1.9,9.0,3.8,5.6,3.4,4.9,0.9,0.1,1.6,1.1,1.2,0.8,3.0,0.0,1.0,1.0,0.1,1.7,0.0,1.7,0.9,3.5,4.5,4.488188976377953,4.5,2.4
PAK,6.4,8.2,7.4,9.2,9.5,6.1,7.1,4.5,5.0,7.4,8.8,10.0,6.4,5.7,5.3,7.9,4.2,1.3,6.1,7.9,1.8,4.8,0.1,5.4,3.3,5.5,5.9,5.0,6.8,5.1
PLW,2.2,1.2,2.3,0.1,0.0,4.4,0.5,4.4,3.5,2.0,0.0,0.0,0.0,2.8,3.8,2.3,3.715217391304348,6.7,1.7,1.2,0.9,1.7,0.0,5.0,2.1,3.3,4.5,4.9,4.1,1.8
PSE,6.2,6.8,1.6,4.8,0.0,1.0,0.0,0.0,0.0,4.1,9.2,10.0,7.8,6.2,3.7,3.0,2.9,6.0,7.8,10.0,0.0,1.3,0.0,3.2,1.2,5.6,7.8,8.2,7.4,1.9
PAN,4.1,3.3,5.2,7.8,0.2,8.6,0.0,5.9,1.2,6.1,0.8,0.2,1.4,3.6,2.2,1.2,5.5,1.0,4.8,7.3,0.8,0.8,0.4,1.3,0.8,5.6,7.6,9.0,6.1,2.6
PNG,6.3,6.1,6.0,9.2,4.6,7.1,2.8,6.3,2.5,5.9,6.1,8.0,2.9,5.9,6.3,8.0,7.8,1.4,5.4,6.1,5.6,3.1,0.1,7.3,4.6,7.1,5.3,3.8,6.8,8.3
PRY,2.9,1.8,2.6,0.1,5.6,0.0,0.0,0.0,3.9,5.6,0.9,0.2,1.5,2.8,3.4,3.9,5.2,0.6,2.1,3.1,1.4,0.8,0.2,1.4,1.0,4.9,6.6,6.3,6.8,2.6
PER,4.5,4.4,6.5,9.6,6.6,9.1,0.0,3.3,4.4,5.6,1.2,0.7,1.7,5.2,3.1,3.8,4.2,0.6,6.8,9.2,1.1,0.9,0.7,2.3,1.3,3.9,4.2,1.8,6.5,3.5
PHL,5.2,7.9,8.2,9.7,6.7,9.4,9.2,8.9,3.8,6.1,7.6,9.4,3.9,4.9,3.6,4.4,4.2,1.3,6.0,5.9,3.9,2.9,10.0,1.8,6.1,3.7,4.3,2.9,5.7,3.1
POL,2.5,2.0,2.8,0.8,5.9,0.0,0.0,5.7,2.4,2.6,1.2,0.1,2.1,3.6,0.4,0.0,1.1,0.3,5.9,8.6,0.1,0.3,0.1,0.9,0.4,2.1,3.1,1.7,4.5,0.9
PRT,1.9,1.9,3.2,3.4,3.8,4.3,0.0,4.6,3.3,2.2,0.3,0.1,0.5,2.2,0.6,0.2,1.9,0.1,3.5,5.7,0.4,0.2,0.2,0.5,0.3,1.7,2.8,1.9,3.7,0.5
QAT,1.2,1.4,2.1,0.1,0.0,0.0,0.0,3.5,4.7,4.8,0.7,0.1,1.3,1.0,0.8,0.3,2.6,0.1,1.1,1.7,0.3,0.5,0.0,1.2,0.5,1.3,1.7,0.0,3.4,0.8
ROU,2.9,2.3,3.4,6.2,6.2,0.0,0.0,2.9,2.8,3.4,1.0,0.1,1.9,2.8,1.3,1.1,2.4,0.5,4.1,6.6,0.4,0.5,0.1,0.3,0.3,3.6,5.3,4.488188976377953,5.3,1.4
RUS,4.0,8.5,5.1,4.2,8.4,4.1,2.2,5.3,6.1,3.1,10.0,10.0,10.0,2.5,1.3,1.4,2.4,0.0,3.6,5.9,0.4,0.3,0.0,0.8,0.4,3.1,4.3,1.5,7.1,1.6
RWA,4.3,2.8,2.7,4.0,2.7,0.0,0.0,0.0,3.8,6.0,2.9,1.9,3.8,5.7,6.0,7.8,5.0,3.5,5.3,6.5,2.9,2.4,0.1,7.6,3.9,4.9,4.3,4.488188976377953,4.3,5.4
KNA,1.8,1.6,3.0,3.6,0.0,0.0,8.6,0.0,0.0,3.2,0.0,0.0,0.0,1.2,1.0,1.2,3.715217391304348,0.6,1.4,0.9,0.1,1.3,0.0,5.1,1.9,3.0,4.2,4.488188976377953,4.2,1.5
LCA,2.5,1.9,3.5,4.4,0.0,0.0,8.0,2.6,0.5,4.7,0.0,0.0,0.0,2.3,3.5,3.1,4.6,3.2,0.9,0.0,0.0,0.9,0.0,5.1,1.8,3.7,4.5,4.5,4.5,2.8
VCT,2.7,1.8,3.3,4.8,0.0,0.0,7.8,1.8,0.5,4.1,0.0,0.0,0.0,2.5,3.3,2.0,5.2,3.9,1.7,0.0,0.2,0.8,7.3,1.8,3.2,4.2,5.6,6.9,4.3,2.4
WSM,2.9,1.7,3.1,4.4,0.0,4.2,6.3,0.0,0.5,3.6,0.0,0.0,0.0,3.8,5.8,4.5,4.5,9.6,1.0,0.0,4.8,1.0,0.0,1.5,2.0,3.8,4.2,4.3,4.0,3.3
STP,2.4,0.7,1.4,0.1,0.0,0.0,0.0,2.1,0.0,5.8,0.0,0.0,0.0,3.7,5.6,5.8,5.3,5.6,1.2,0.0,1.9,1.2,0.0,4.9,2.2,5.4,6.2,4.488188976377953,6.2,4.4
SAU,2.3,2.4,3.5,1.8,4.8,0.0,0.0,4.7,5.0,5.8,1.2,0.7,1.7,2.0,0.8,0.0,3.0,0.0,3.1,5.0,0.1,0.7,0.0,1.0,0.5,2.5,3.3,2.7,3.8,1.6
SEN,4.2,3.0,4.6,0.1,6.3,3.9,0.0,5.6,6.6,6.4,1.1,0.2,1.9,4.8,6.2,8.3,4.7,3.6,2.9,3.8,1.7,3.3,0.1,1.8,1.8,5.3,5.2,4.488188976377953,5.2,5.4
SRB,3.3,2.5,3.3,5.3,7.7,0.0,0.0,0.0,3.0,3.2,1.7,0.1,3.0,3.4,1.3,0.7,1.8,2.0,5.0,7.7,0.2,0.3,0.1,0.3,0.2,4.2,6.2,6.5,5.8,1.4
SYC,1.3,1.2,2.2,0.1,0.0,7.8,0.0,0.0,0.0,3.1,0.0,0.0,0.0,0.8,1.2,1.4,1.8,0.2,0.3,0.0,0.2,1.0,0.0,0.9,0.5,2.3,3.3,4.488188976377953,3.3,1.1
SLE,4.5,2.6,3.7,0.1,5.8,2.9,0.0,4.8,0.9,7.7,1.4,0.1,2.5,5.0,6.5,8.9,5.1,2.9,2.9,0.0,6.0,5.0,0.2,7.1,5.0,7.0,7.0,4.488188976377953,7.0,7.0
SGP,0.6,0.6,1.1,0.1,0.0,0.0,0.0,2.0,0.0,4.3,0.1,0.1,0.0,0.5,0.1,0.0,0.4,0.0,0.9,1.1,0.4,0.2,0.0,2.0,0.7,0.8,1.0,4.488188976377953,1.0,0.6
SVK,2.8,1.8,2.4,3.8,6.8,0.0,0.0,0.0,1.3,2.2,1.1,0.1,2.0,3.0,0.6,0.4,1.2,0.5,4.8,7.2,0.1,0.5,0.0,2.3,0.8,4.1,6.5,8.2,4.8,0.6
SVN,2.5,2.1,3.3,5.9,5.5,3.6,0.0,3.0,0.9,2.0,0.7,0.0,1.3,2.8,0.1,0.0,0.3,0.2,4.8,4.4,0.1,0.2,10.0,1.7,5.2,2.6,3.9,4.3,3.5,1.0
SLB,4.3,3.1,5.3,7.1,0.0,7.8,3.6,6.8,2.9,5.5,0.1,0.1,0.0,4.5,6.2,6.3,4.7,7.3,2.1,0.0,5.6,2.6,0.7,5.2,3.8,5.9,5.4,4.7,6.1,6.4
SOM,8.2,8.0,6.6,1.3,7.8,6.7,1.8,5.9,9.9,6.5,9.0,10.0,7.1,9.4,9.3,9.9,9.0,8.3,9.4,10.0,2.1,8.0,10.0,9.4,8.4,7.3,6.9,4.7,9.1,7.7
ZAF,4.2,3.4,4.0,1.5,3.2,1.1,1.3,2.9,8.8,4.5,2.8,1.7,3.7,4.3,4.1,4.3,7.4,0.4,4.4,5.8,5.1,1.9,0.1,2.8,2.7,4.9,6.1,6.4,5.7,3.3
SSD,8.3,7.0,3.9,2.7,7.7,0.0,0.0,0.0,3.7,7.5,8.8,10.0,6.5,9.0,9.1,10.0,6.3,10.0,8.8,10.0,6.0,7.6,6.2,5.2,6.3,9.2,9.5,4.488188976377953,9.5,8.9
ESP,2.6,2.3,3.9,2.9,6.4,4.6,0.0,4.9,4.4,2.6,0.4,0.1,0.6,3.2,0.4,0.0,1.4,0.1,5.2,7.9,0.2,0.2,0.1,1.0,0.4,2.4,4.0,4.488188976377953,4.0,0.5
LKA,3.3,2.8,3.9,0.1,1.9,8.0,2.2,3.3,3.2,5.1,1.6,0.5,2.6,2.6,2.9,3.2,4.1,1.1,2.2,2.6,0.3,2.2,2.6,2.0,1.8,5.0,6.5,6.7,6.2,3.0
SDN,7.7,7.9,4.1,0.1,8.7,0.0,0.0,0.8,6.0,6.2,9.6,10.0,9.0,7.2,6.0,8.5,5.1,2.0,8.1,10.0,1.4,5.6,0.4,3.2,2.9,7.9,8.4,7.9,8.8,7.2
SUR,3.1,1.9,3.4,0.1,8.6,0.0,0.0,1.5,1.3,6.1,0.1,0.1,0.0,3.0,3.5,3.8,4.4,1.8,2.5,3.3,1.1,1.4,0.0,3.5,1.6,5.1,6.5,4.488188976377953,6.5,3.4
SWE,1.9,1.8,2.6,0.1,6.3,0.0,0.0,5.8,1.3,1.4,1.0,0.0,2.0,2.7,0.3,0.0,0.9,0.2,4.5,7.0,0.1,0.2,0.0,1.5,0.5,1.4,1.9,4.488188976377953,1.9,0.8
CHE,1.8,1.3,2.3,4.6,5.9,0.0,0.0,0.0,0.9,2.2,0.1,0.0,0.2,2.9,0.4,0.0,1.2,0.2,4.8,7.4,0.1,0.3,0.0,1.2,0.4,1.5,2.4,3.4,1.3,0.5
SYR,7.5,7.9,5.0,7.2,6.3,2.3,0.0,2.1,7.8,5.5,9.4,10.0,8.5,7.7,5.9,6.7,3.5,6.7,8.9,10.0,0.5,1.6,10.0,8.2,6.9,7.0,8.7,4.488188976377953,8.7,4.0
TJK,4.0,3.6,4.8,8.1,6.6,0.0,0.0,0.0,7.6,5.2,2.2,0.9,3.4,3.6,4.4,4.8,2.9,5.0,2.8,4.0,1.4,1.7,0.0,2.6,1.5,4.8,5.6,3.8,7.3,3.8
TZA,4.8,3.3,4.2,4.4,4.2,3.1,0.7,3.3,5.0,7.0,2.3,1.6,2.9,5.5,5.8,8.2,5.3,1.5,5.1,6.1,4.5,2.8,1.2,5.8,3.8,6.2,5.7,5.4,5.9,6.6
THA,4.2,5.6,5.9,1.7,9.8,5.8,1.6,5.6,5.5,5.7,5.3,7.1,2.8,3.6,1.6,1.6,3.0,0.3,5.2,7.6,1.1,1.1,0.7,2.3,1.3,3.8,4.9,4.1,5.7,2.4
TLS,3.7,2.1,3.3,5.8,0.0,3.9,0.5,3.3,2.0,5.8,0.7,0.1,1.3,4.2,5.8,7.4,3.1,5.4,2.1,0.0,3.3,5.5,0.0,5.1,3.8,5.7,6.2,4.488188976377953,6.2,5.1
TGO,5.3,4.3,2.4,0.1,3.0,0.0,0.0,0.7,1.3,7.6,5.8,6.9,4.4,5.2,5.9,7.6,5.4,2.8,4.5,5.7,3.6,4.0,0.1,3.7,3.0,6.5,6.3,6.0,6.5,6.7
TON,3.0,2.2,3.9,7.1,0.0,5.7,5.6,0.0,0.5,4.4,0.0,0.0,0.0,2.9,4.5,2.3,3.2,10.0,0.9,0.0,2.0,0.5,0.0,4.2,1.8,4.4,5.9,6.6,5.2,2.4
TTO,3.0,2.4,3.9,5.9,0.0,0.0,5.7,2.7,2.8,6.9,0.5,0.1,0.8,3.1,1.9,1.9,3.5,0.3,4.1,6.0,0.8,1.3,0.0,3.2,1.4,3.5,5.2,4.9,5.5,1.3
TUN,3.2,3.1,4.3,5.4,3.7,5.9,0.0,6.5,3.9,3.0,1.6,0.4,2.6,2.3,2.5,2.4,2.7,2.6,2.0,3.5,0.3,0.7,0.0,0.2,0.3,4.5,5.9,4.488188976377953,5.9,2.8
TUR,5.2,6.9,5.4,9.3,6.0,5.0,0.0,4.6,2.6,5.2,8.0,8.6,7.2,4.6,1.6,0.9,4.0,0.4,6.6,8.9,0.2,0.7,4.6,1.2,1.9,4.5,6.1,4.488188976377953,6.1,2.3
TKM,2.8,2.8,4.2,3.0,8.3,0.0,0.0,4.4,4.7,5.2,1.2,0.3,2.0,1.5,1.3,1.4,2.4,0.1,1.7,2.3,0.5,1.9,0.0,1.8,1.1,5.2,6.5,5.0,7.9,3.6
TUV,2.7,1.3,2.5,0.1,0.0,5.8,0.2,0.0,4.3,4.6,0.0,0.0,0.0,3.3,4.9,3.8,3.715217391304348,7.1,1.4,0.0,4.2,1.1,0.0,4.2,2.6,4.6,6.3,6.7,5.9,2.4
UGA,5.3,3.3,3.7,3.7,3.9,0.0,0.0,0.0,6.2,7.7,2.8,2.8,2.8,6.8,6.0,8.0,5.7,2.1,7.5,8.9,5.9,2.6,0.1,8.5,5.1,6.6,6.4,5.9,6.8,6.8
UKR,5.6,8.1,3.1,1.9,6.1,0.0,0.0,5.0,2.4,3.9,10.0,10.0,10.0,5.9,2.9,1.3,1.4,7.4,7.8,10.0,1.3,0.6,0.0,2.4,1.1,3.6,5.0,3.9,6.1,1.9
ARE,2.0,2.8,4.4,0.1,0.6,6.0,0.4,8.4,5.0,5.2,0.8,0.1,1.4,1.0,0.1,0.0,0.4,0.0,1.8,3.0,0.1,0.4,0.0,1.6,0.5,3.0,4.6,6.7,2.5,0.9
GBR,2.1,2.0,3.5,0.1,5.7,1.9,0.0,8.3,1.6,2.4,0.2,0.1,0.2,3.0,0.4,0.0,1.5,0.0,4.9,7.5,0.1,0.2,0.0,1.0,0.3,1.6,2.3,1.7,2.8,0.8
USA,3.2,5.0,7.0,7.7,7.5,7.2,7.7,8.4,4.2,4.8,2.0,0.3,3.4,3.3,0.8,0.0,3.3,0.0,5.2,7.9,0.3,0.3,0.0,0.0,0.2,2.0,2.8,2.5,3.1,1.1
URY,2.5,1.5,2.8,0.1,3.9,0.0,0.0,3.8,3.4,6.2,0.1,0.1,0.0,3.1,1.3,0.8,3.5,0.1,4.5,6.4,0.7,0.5,4.6,1.2,1.9,3.2,4.6,6.3,2.9,1.4
UZB,3.2,3.4,4.8,7.0,8.3,0.0,0.0,0.0,6.6,5.4,1.7,0.5,2.7,2.7,3.0,3.1,3.2,2.5,2.4,3.9,0.5,0.7,0.0,0.7,0.5,3.5,4.3,2.3,6.2,2.5
VUT,4.3,2.9,5.1,6.2,0.0,7.0,6.4,4.9,5.0,4.2,0.0,0.0,0.0,4.7,5.7,5.6,4.6,7.1,3.4,0.0,1.6,2.0,10.0,1.9,5.7,6.0,6.3,6.9,5.6,5.6
VEN,5.7,5.2,5.9,8.1,5.7,5.4,5.6,6.7,2.0,5.9,4.4,4.6,4.1,5.0,3.9,3.8,6.8,1.1,5.9,8.0,1.2,1.9,0.1,5.5,2.4,7.0,8.6,4.488188976377953,8.6,4.4
VNM,3.8,4.8,7.3,3.5,9.9,5.9,5.9,9.6,4.5,6.7,0.8,0.2,1.4,2.5,2.5,3.0,3.4,0.4,2.5,3.3,1.2,1.9,2.1,1.2,1.6,4.4,5.4,4.488188976377953,5.4,3.3
YEM,8.0,7.5,4.5,1.7,6.0,3.6,3.5,4.8,4.3,6.5,9.1,10.0,7.3,8.3,8.0,8.7,6.5,8.1,8.6,10.0,1.2,6.0,1.7,8.7,5.3,8.3,9.2,4.488188976377953,9.2,6.9
ZMB,4.6,2.2,3.1,2.5,4.8,0.0,0.0,0.0,5.1,6.3,1.3,0.2,2.2,6.6,6.2,7.7,6.8,2.6,6.9,5.8,6.0,3.0,10.0,8.5,7.8,6.5,6.9,7.6,6.2,6.1
ZWE,4.8,3.1,4.1,1.8,3.6,0.0,0.0,0.0,9.7,5.1,2.0,0.4,3.4,6.0,5.7,6.9,6.6,2.3,6.3,4.1,4.6,2.8,10.0,9.0,7.8,6.0,5.8,3.9,7.6,6.2
